{"modules":{"Window":{"name":"Window","width":1280,"height":1024},"Camera":{"name":"Camera3D","Position":{"x":18.779624938964844,"y":16.514274597167969,"z":15.306867599487305},"Reference":{"x":0,"y":0,"z":0},"Direction":{"X":{"x":0.63179576396942139,"y":0,"z":-0.775135338306427},"Y":{"x":-0.43658065795898438,"y":0.82629871368408203,"z":-0.35584738850593567},"Z":{"x":0.64049327373504639,"y":0.56323182582855225,"z":0.52205228805541992}}},"Audio":{"name":"Audio"},"Scene":{"name":"Scene"},"UI":{"name":"User_Interface"}},"[scene 1]":{"[Element_0]":{"name":"GameObject 2","components":{"count":3,"[Element_0]":{"type":0,"transform":{"position":{"x":0,"y":9.3500003814697266,"z":0},"rotationRad":{"x":0,"y":0,"z":0},"scale":{"x":1,"y":1,"z":1}}},"[Element_1]":{"type":1,"original_model_path":"Assets\/Project_1\/Assets\/Models\/baker_house.fbx","mesh_name":"","model_order":0},"[Element_2]":{"type":2,"count":0}},"children":{"count":2,"[Element_0]":{"name":"baker_house0","components":{"count":3,"[Element_0]":{"type":0,"transform":{"position":{"x":0,"y":0,"z":0},"rotationRad":{"x":0,"y":0,"z":0},"scale":{"x":1,"y":1,"z":1}}},"[Element_1]":{"type":1,"original_model_path":"Assets\/Project_1\/Assets\/Models\/baker_house.fbx","mesh_name":"baker_house0","model_order":1},"[Element_2]":{"type":2,"count":1,"name":"baker_house.png","texture_path":"Assets\/Project_1\/Assets\/Textures\/baker_house.png"}},"children":{"count":0}},"[Element_1]":{"name":"baker_house1","components":{"count":3,"[Element_0]":{"type":0,"transform":{"position":{"x":0,"y":0,"z":0},"rotationRad":{"x":0,"y":0,"z":0},"scale":{"x":1,"y":1,"z":1}}},"[Element_1]":{"type":1,"original_model_path":"Assets\/Project_1\/Assets\/Models\/baker_house.fbx","mesh_name":"baker_house1","model_order":2},"[Element_2]":{"type":2,"count":1,"name":"baker_house.png","texture_path":"Assets\/Project_1\/Assets\/Textures\/baker_house.png"}},"children":{"count":0}}}},"[Element_1]":{"name":"Camera 1","components":{"count":4,"[Element_0]":{"type":0,"transform":{"position":{"x":63.5,"y":26.25,"z":-60.75},"rotationRad":{"x":0.50090950727462769,"y":-0.75310957431793213,"z":0.3228859007358551},"scale":{"x":1,"y":1,"z":1}}},"[Element_1]":{"type":1,"original_model_path":"","mesh_name":"","model_order":-4},"[Element_2]":{"type":2,"count":0},"[Element_3]":{"type":3,"frustum":{"type":2,"draw":true,"frustumProjectiveSpace":1,"handedness":1,"nearPlaneDistance":1,"farPlaneDistance":100,"verticalFov":1.0471975803375244,"horizontalFov":1.0471975803375244,"color":{"r":0,"g":1,"b":0}},"current":true,"use":true}},"children":{"count":0}},"[Element_2]":{"name":"Camera 2","components":{"count":4,"[Element_0]":{"type":0,"transform":{"position":{"x":0,"y":23.5,"z":85},"rotationRad":{"x":-0.36041048169136047,"y":-3.1415927410125732,"z":0},"scale":{"x":1,"y":1,"z":1}}},"[Element_1]":{"type":1,"original_model_path":"","mesh_name":"","model_order":-4},"[Element_2]":{"type":2,"count":0},"[Element_3]":{"type":3,"frustum":{"type":2,"draw":true,"frustumProjectiveSpace":1,"handedness":1,"nearPlaneDistance":1,"farPlaneDistance":100,"verticalFov":1.0471975803375244,"horizontalFov":1.0471975803375244,"color":{"r":0,"g":1,"b":0}},"current":true,"use":true}},"children":{"count":0}},"count":3}}